{
	"credit": "Made with Blockbench",
	"texture_size": [32, 32],
	"textures": {
		"0": "item/guard-vision-texture",
		"particle": "item/guard-vision-texture"
	},
	"elements": [
		{
			"from": [6, 0, 0],
			"to": [7, 1, 1],
			"faces": {
				"north": {"uv": [4, 9.5, 4.5, 10.5], "texture": "#0"},
				"east": {"uv": [4.5, 9.5, 5, 10.5], "texture": "#0"},
				"south": {"uv": [5, 9.5, 5.5, 10.5], "texture": "#0"},
				"west": {"uv": [5.5, 9.5, 6, 10.5], "texture": "#0"},
				"up": {"uv": [6.5, 11, 6, 10.5], "texture": "#0"},
				"down": {"uv": [11, 8.5, 10.5, 9], "texture": "#0"}
			}
		},
		{
			"from": [8, 0, 0],
			"to": [9, 1, 1],
			"faces": {
				"north": {"uv": [6, 9.5, 6.5, 10.5], "texture": "#0"},
				"east": {"uv": [9.5, 8, 10, 9], "texture": "#0"},
				"south": {"uv": [9.5, 9, 10, 10], "texture": "#0"},
				"west": {"uv": [10, 0.5, 10.5, 1.5], "texture": "#0"},
				"up": {"uv": [11, 9.5, 10.5, 9], "texture": "#0"},
				"down": {"uv": [11, 9.5, 10.5, 10], "texture": "#0"}
			}
		},
		{
			"from": [5, 0, 1],
			"to": [10, 1, 2],
			"faces": {
				"north": {"uv": [7.5, 0.5, 10, 1.5], "texture": "#0"},
				"east": {"uv": [1, 10, 1.5, 11], "texture": "#0"},
				"south": {"uv": [5.5, 7.5, 8, 8.5], "texture": "#0"},
				"west": {"uv": [1.5, 10, 2, 11], "texture": "#0"},
				"up": {"uv": [8, 9, 5.5, 8.5], "texture": "#0"},
				"down": {"uv": [2.5, 9, 0, 9.5], "texture": "#0"}
			}
		},
		{
			"from": [4, 0, 2],
			"to": [11, 1, 3],
			"faces": {
				"north": {"uv": [6.5, 2, 10, 3], "texture": "#0"},
				"east": {"uv": [2, 10, 2.5, 11], "texture": "#0"},
				"south": {"uv": [6.5, 3, 10, 4], "texture": "#0"},
				"west": {"uv": [10, 2, 10.5, 3], "texture": "#0"},
				"up": {"uv": [11, 7, 7.5, 6.5], "texture": "#0"},
				"down": {"uv": [11.5, 7.5, 8, 8], "texture": "#0"}
			}
		},
		{
			"from": [3, 0, 3],
			"to": [12, 1, 4],
			"faces": {
				"north": {"uv": [5.5, 4, 10, 5], "texture": "#0"},
				"east": {"uv": [2.5, 10, 3, 11], "texture": "#0"},
				"south": {"uv": [5.5, 5, 10, 6], "texture": "#0"},
				"west": {"uv": [3, 10, 3.5, 11], "texture": "#0"},
				"up": {"uv": [12, 2, 7.5, 1.5], "texture": "#0"},
				"down": {"uv": [12, 6, 7.5, 6.5], "texture": "#0"}
			}
		},
		{
			"from": [1, 0, 4],
			"to": [14, 1, 5],
			"faces": {
				"north": {"uv": [0, 2, 6.5, 3], "texture": "#0"},
				"east": {"uv": [10, 3, 10.5, 4], "texture": "#0"},
				"south": {"uv": [0, 3, 6.5, 4], "texture": "#0"},
				"west": {"uv": [3.5, 10, 4, 11], "texture": "#0"},
				"up": {"uv": [6.5, 7.5, 0, 7], "texture": "#0"},
				"down": {"uv": [13, 7, 6.5, 7.5], "texture": "#0"}
			}
		},
		{
			"from": [0, 0, 5],
			"to": [15, 1, 6],
			"faces": {
				"north": {"uv": [0, 0, 7.5, 1], "texture": "#0"},
				"east": {"uv": [10, 4, 10.5, 5], "texture": "#0"},
				"south": {"uv": [0, 1, 7.5, 2], "texture": "#0"},
				"west": {"uv": [10, 5, 10.5, 6], "texture": "#0"},
				"up": {"uv": [7.5, 6.5, 0, 6], "texture": "#0"},
				"down": {"uv": [7.5, 6.5, 0, 7], "texture": "#0"}
			}
		},
		{
			"from": [5, 0, 6],
			"to": [16, 1, 7],
			"faces": {
				"north": {"uv": [0, 4, 5.5, 5], "texture": "#0"},
				"east": {"uv": [6.5, 10, 7, 11], "texture": "#0"},
				"south": {"uv": [0, 5, 5.5, 6], "texture": "#0"},
				"west": {"uv": [7, 10, 7.5, 11], "texture": "#0"},
				"up": {"uv": [5.5, 8, 0, 7.5], "texture": "#0"},
				"down": {"uv": [13, 0, 7.5, 0.5], "texture": "#0"}
			}
		},
		{
			"from": [-1, 0, 6],
			"to": [0, 1, 7],
			"faces": {
				"north": {"uv": [10, 8, 10.5, 9], "texture": "#0"},
				"east": {"uv": [8.5, 10, 9, 11], "texture": "#0"},
				"south": {"uv": [9, 10, 9.5, 11], "texture": "#0"},
				"west": {"uv": [10, 9, 10.5, 10], "texture": "#0"},
				"up": {"uv": [11, 10.5, 10.5, 10], "texture": "#0"},
				"down": {"uv": [11, 10.5, 10.5, 11], "texture": "#0"}
			}
		},
		{
			"from": [12, 0, 7],
			"to": [16, 1, 8],
			"faces": {
				"north": {"uv": [0, 8, 2, 9], "texture": "#0"},
				"east": {"uv": [7.5, 10, 8, 11], "texture": "#0"},
				"south": {"uv": [2, 8, 4, 9], "texture": "#0"},
				"west": {"uv": [8, 10, 8.5, 11], "texture": "#0"},
				"up": {"uv": [4.5, 9.5, 2.5, 9], "texture": "#0"},
				"down": {"uv": [6.5, 9, 4.5, 9.5], "texture": "#0"}
			}
		},
		{
			"from": [13, 0, 8],
			"to": [16, 1, 9],
			"faces": {
				"north": {"uv": [4, 8, 5.5, 9], "texture": "#0"},
				"east": {"uv": [10.5, 0.5, 11, 1.5], "texture": "#0"},
				"south": {"uv": [8, 8, 9.5, 9], "texture": "#0"},
				"west": {"uv": [10.5, 2, 11, 3], "texture": "#0"},
				"up": {"uv": [2.5, 10, 1, 9.5], "texture": "#0"},
				"down": {"uv": [4, 9.5, 2.5, 10], "texture": "#0"}
			}
		},
		{
			"from": [14, 0, 9],
			"to": [16, 1, 10],
			"faces": {
				"north": {"uv": [6.5, 9, 7.5, 10], "texture": "#0"},
				"east": {"uv": [10.5, 3, 11, 4], "texture": "#0"},
				"south": {"uv": [7.5, 9, 8.5, 10], "texture": "#0"},
				"west": {"uv": [4, 10.5, 4.5, 11.5], "texture": "#0"},
				"up": {"uv": [11.5, 4.5, 10.5, 4], "texture": "#0"},
				"down": {"uv": [5.5, 10.5, 4.5, 11], "texture": "#0"}
			}
		},
		{
			"from": [14, 0, 10],
			"to": [16, 1, 11],
			"faces": {
				"north": {"uv": [8.5, 9, 9.5, 10], "texture": "#0"},
				"east": {"uv": [10.5, 4.5, 11, 5.5], "texture": "#0"},
				"south": {"uv": [0, 9.5, 1, 10.5], "texture": "#0"},
				"west": {"uv": [5.5, 10.5, 6, 11.5], "texture": "#0"},
				"up": {"uv": [11.5, 6, 10.5, 5.5], "texture": "#0"},
				"down": {"uv": [11.5, 8, 10.5, 8.5], "texture": "#0"}
			}
		},
		{
			"from": [-2, 0, 7],
			"to": [-1, 1, 8],
			"faces": {
				"north": {"uv": [9.5, 10, 10, 11], "texture": "#0"},
				"east": {"uv": [10, 10, 10.5, 11], "texture": "#0"},
				"south": {"uv": [0, 10.5, 0.5, 11.5], "texture": "#0"},
				"west": {"uv": [0.5, 10.5, 1, 11.5], "texture": "#0"},
				"up": {"uv": [11.5, 1, 11, 0.5], "texture": "#0"},
				"down": {"uv": [1.5, 11, 1, 11.5], "texture": "#0"}
			}
		}
	]
}